username,email,first_name,last_name,password
testuser01,testuser01@example.com,Test01,User,Test@1234
testuser02,testuser02@example.com,Test02,User,Test@1234
testuser03,testuser03@example.com,Test03,User,Test@1234
testuser04,testuser04@example.com,Test04,User,Test@1234
testuser05,testuser05@example.com,Test05,User,Test@1234
testuser06,testuser06@example.com,Test06,User,Test@1234
testuser07,testuser07@example.com,Test07,User,Test@1234
testuser08,testuser08@example.com,Test08,User,Test@1234
testuser09,testuser09@example.com,Test09,User,Test@1234
testuser10,testuser10@example.com,Test10,User,Test@1234
testuser11,testuser11@example.com,Test11,User,Test@1234
testuser12,testuser12@example.com,Test12,User,Test@1234
testuser13,testuser13@example.com,Test13,User,Test@1234
testuser14,testuser14@example.com,Test14,User,Test@1234
testuser15,testuser15@example.com,Test15,User,Test@1234
testuser16,testuser16@example.com,Test16,User,Test@1234
testuser17,testuser17@example.com,Test17,User,Test@1234
testuser18,testuser18@example.com,Test18,User,Test@1234
testuser19,testuser19@example.com,Test19,User,Test@1234
testuser20,testuser20@example.com,Test20,User,Test@1234
